feature,mean,std
log_price_change,0.00045781936344942663,0.020435124370255704
log_volume,14.621991005803345,1.2592303082187117
